idx	text
0	"Beginners BBQ Class Taking Place in Missoula!
Do you"
1	Discussion in 'Mac OS X Lion (10.7)' started by
2	Foil plaid lycra and spandex shortall with metallic slinky insets
3	"How many backlinks per day for new site?
Discussion"
4	The Denver Board of Education opened the 2017-18 school year
5	BANGALORE CY JUNCTION SBC to GONDIA JUNCTION G train timings
6	I thought I was going to finish the 3rd season
7	The rich get richer and the poor get poorer eh
8	Biomedics 1 Day Extra are daily replacement disposable contact lenses
9	Sysco Corp. has terminated its planned $3.5 billion
10	"Pencarian FILM Untuk ""Peace Breaker 2017""
yuk mampir ke channel"
11	Below you'll find some great videos that will encourage you
12	"""Unemployment, Relative Price Dispersion and the Implicit Contract Model"
13	I have existing web site brittlloyd.org. I opened
14	Embrace world class facilities at East Bourne Resort & Spa
15	"""Bake me a pie or go away,"" I've literally"
16	"Are film trailers spoiling movies?
In April we asked"
17	UNStudio has joined forces with HPP Architects to create a
18	▲Students are shouting several slogans to guarantee the school's autonomy
19	Quartz is one of the most common and varied minerals
20	A full time vegan, poet, artist and woman
21	Hurrah! A cooperative worldwide effort to rescue Thailand children
22	Learn the fundamentals of Flash as we guide you through
23	Earn monthly interest on our Citibank Time Deposits (also known
24	What do you do in your free time? Of
25	Locksmith Westington – Putting in place the best of locking
26	Movers & Moving Companies in Randallsville, New York for
27	Vashikaran Specialist Chandigarh is a black magic study of attraction
28	membership fees and with many users renewing their accounts,
29	This topic contains 1 reply, has 2 voices.
30	The ebook makes a speciality of geological historical past because
31	I , , , , 
32	"Check out these two awesome ladies!!
They competed"
33	"* 2. How was the session?
* 4"
34	The Champion work “Uncle Ian III (Into the Unknown’,
35	Currently there are 3 websites listed for this state.
36	The blog deals with new theories and observations in relation
37	2 New England     NE  16
38	One of the biggest games in the world is now
39	Volunteers are vital to Thames Reach in our efforts to
40	Volunteers are needed to help with the Assembly for Children
41	Jomsom Muktinath Trek is an exciting trek in the Annapurna
42	After the martyrdom of St. Boniface, Vergilius was
43	How to unblock ABC Go UK outside US? Watch
44	Stitch can replicate data from all your sources (including Shippo)
45	As I have been discussing the magic of wordpress themes
46	Farmington, CT, August 30, 2016 -- Many
47	"So many things happening this weekend!
The highly anticipated"
48	Deportivo is finally responding the questions regarding the polemic case
49	It is possible to erase up to 4 HDD /
50	"""Whoever gets him, they'll be getting a good one"
51	Building a successful software platform is done by building software
52	In a small bowl, combine fennel, capers,
53	Meaningful, reliable and valid mRNA expression analyses by real-time
54	Know Buckeye Trail Class of 2001 graduates that are NOT
55	Irish crime thriller at its best, Stuart Neville is
56	The Center for the Study of Culture, Politics and
57	We made it through another Queensland summer – even though
58	"Here are your morning links!
Janczak looked solid in"
59	Grace. What is it? What does it mean
60	Everyone seems to want a brighter smile, and teeth
61	Sellers who are non-residents (eg. foreigners living abroad and
62	JPW Osprey Limited specialise in all aspects of façade glazing
63	Yesterday [12 Nov], at the Shoreditch Town Hall,
64	I did a bit of work on andinfinity.de in
65	Weekend fun isn’t just for humans. Dogs love to
66	Constant development in Unmanned Aircraft System (UAS) technologies results in
67	Expand your clientele, meet and network with potential business
68	Originally, from Chicago, now living in Hong Kong
69	I grew up with stove top mac and cheese.
70	Walked around Lake Merritt. Played two hours of the
71	Melt margarine in skillet and lightly fry onion, pepper
72	Last night a few of us from The Bier Abbey
73	Athlone Community Radio will be broadcasting live for 4 hours
74	On the 12th April 2017 Centrica Storage Ltd announced that
75	"Disturbia Clothing coupon code gift !
Disturbia Clothing coupon"
76	Do You Need Residential Roofing Contractor in Hearne Texas?
77	Aman Ullah is with Ro Nay San Lwin and 93
78	8i announced today it has launched a web player,
79	In the past five years the percentage of weekly mobile
80	Roser, M. （2017）。 The short history of
81	Well it's been a funny few days. On Saturday
82	My husband is being posted to Darwin for work and
83	JessicaaDivine SarahKeller jasmin. AmyNicollete. LilyRay. DouglasCox.
84	The Arlington County Board plans to vote Saturday afternoon on
85	To find out more information about Dr. Leigh Ricketts
86	Pre-Owned, AWD Titanium 4dr Crossover, Ebony interior,
87	J Brand can do no wrong! They always have
88	I received the brass that you sent me, and
89	So you have your children writing every day. Great
90	It comes on again on her grandson’s christening day.
91	Definitely my favorite restaurant in Macau. If you want
92	Menara Taming Sari (Melaka Tower) is located at Bandar Hilir
93	Are going to be able to understand how you might
94	"""Extra Eyes for DWIs"" on Halloween Here in Fairfax County"
95	Educating women, in particular, has unmatched transformative power
96	"I was satisfied with how they allocated time.
Build"
97	Private equity group Penta and the company J 23 a
98	The High brightness is being compared to 350 Watts conventional
99	Hulen R. Loyd, Sept. 27, 1884
100	Schwarz has been the president of the Greater Cleveland Film
101	It’s kind of hard to tell from the picture,
102	Kiehl's Hydro-Plumping Re-Texturizing Serum Concentrate - 1.7 oz.
103	My stepson decided he wanted a Pokemon birthday this year
104	The 100% Polyester Spiderman Costume 2-Piece Kids Pajama Set is
105	Funding for scholarships is in accordance with Georgia’s unclaimed property
106	That Which You Don’t Be Aware Of Write down Essay
107	Cyrsti's Condo: The Right or Wrong Person for the
108	This topic contains 0 replies, has 1 voice,
109	Come join us in celebrating the release of Greenville writer
110	Both the federation of states and the federal super-state describe
111	This Tuesday, October 9th, we will taste through
112	NC series toilets were installed in 26 patient bathrooms as
113	FH PRO Omega 3 contains the fats you need to
114	Mahatma Gandhi1 once said, “The world provides enough for
115	New research from the University of Illinois in Chicago suggests
116	"Call (507)537-1537 for an appointment!
Our online stores house"
117	"OpenWRT that use -Os to make small binaries.
OS"
118	"Jewish Women's Archive. ""Lesson Plans."" (Viewed on April"
119	Karl Kispert, principal of cyber and information security,
120	Queen Elizabeth II has always been a strong champion of
121	The Christmas Market is guaranteed to set the Christmas mood
122	Anna Rispoli is an artist, she carries out plastic
123	I hope you, your kitties, family, friends
124	HOW do we explain why 5.5m French voters in
125	I love the summer bounty! The fresh vegetables and
126	This dog brooch pin is made with polymer clay,
127	Road map for PM Modi's complete road-show. Watch complete
128	When it comes to divorce in Salt Lake City,
129	"Bridging science and policy decision-making.
Toyin Ajayi, MD"
130	October is breast cancer awareness month. What can you
131	Short Sales in Newtown, CT - as of 10/22/10
132	Currently, Brown Bag consists of Dave Waterman (Vocals/Guitar),
133	The Eastern Playoff race has been decided. The Carolina
134	A special indicator instead of aquarium water permits direct measurement
135	Justice studies is an interdisciplinary area that blends topics from
136	Considering last fall’s wet weather and the soggy fields this
137	BELIEVE IT OR NOT... WE WORK FOR
138	The Hawaii man who was fired after issuing the false
139	Shania Twain expected to break the charts with new album
140	George Wales visits The Good Earth Chinese Restaurant in Wandsworth
141	Far Left Van Jones Admits that Trump Can Win and
142	It’s the Capital’s first 24-hour Television Channel and it is
143	Is downloading from torrent sites illegal in the USA?
144	When you confirm your enrollment at the school of choice
145	The plant-based revolution is gathering pace at Tesco, which
146	As the co-founder of Lonely Planet, Tony Wheeler has
147	LOS ANGELES -- USC pitcher Ian Kennedy (Huntington Beach,
148	We are changing our name on the 31st May 2016
149	A version of this article appeared in the print edition
150	By Cecile Green and Rebecca Fisher-McGinty, republished and edited
151	The Almond Tree books’ foreign and movie rights continues to
152	"Myprotein athlet werden - Accesskey 3.
Watchever probemonat /"
153	A blind man in his 60s is searching for the
154	It took three overtimes, but No. 16-ranked St
155	"Sperm whale. Sea Guap Photo.
Sperm whale and"
156	The French Word to Word® Bilingual Dictionary is authorized to
157	The White Russian is among the most popular drinks in
158	Poor girl mist be so confused , going into
159	The company's main products include:stone crushing plant project report
160	"Trying to find a way to say ""thank you"" to"
161	Everyone has their own secret destinations to enjoy their emotional
162	"Here in Australia, Boxing Day is our ""Black Friday"
163	Chronic Kidney Illness (CKD) is recognized by a decrease in
164	"best year ever | The Jamestown Comet.
Resolving for"
165	"Speed restriction of 10mph within the site.
Parking is"
166	Accidents are very common today. There are many accidents
167	In 1997 Ronald Phillips published their first annual catalogue attracting
168	Trump’s executive order on religious freedom allows HHS Secretary Tom
169	White cotton t-shirt, ribbed crewneck, back central seam
170	How to choose an interesting and creative wedding cake topper
171	A probation violation can occur in a number of different
172	We are always looking for applicants. We seek employees
173	After Kevin’s horrific leg injury, everyone is asking:
174	This month some important Walmart news did not get the
175	NCSA has Family Courtworkers across Alberta that can help you
176	Original spare cable for the use with PolarFIS devices and
177	Want to enjoy your drink at any time? Apparently
178	Celebrate all the moms in your life with official MLB
179	The design of the wine room was created utilizing a
180	"Parenting Podcasts: You Aren’t Alone!
When you follow"
181	Over the past century, Leviton's electrical components have made
182	I’m business and career driven individual. I have contributed
183	We focus on bringing the PANASONIC CGR-B/202A1B replacement Charger of
184	"""Dozens of network-attached storage (NAS) servers and other consumer appliances"
185	In 1992 Jacki was the first on the national market
186	University of Utah track and field athlete Lauren McCluskey was
187	Gimme S'more - A School Superintendent's thoughts on education,
188	There’s a lot of vague, fluffy talk about self-care
189	Get a Bigger Bed - But PAY LESS - Spring
190	This title is a comprehensive account of the key aspects
191	Negative Pneumatic Toothed Clutch with Front Toothing, Closed with
192	In fact, there are currently over a million international
193	One day minding my own business i thought of my
194	Fabulous Large Extending Dining Table Large Extending Oak Dining Table
195	AN ACT TO AMEND SECTION 99-35-115, MISSISSIPPI CODE OF
196	A good honours degree in chemistry, pharmacy, pharmaceutical
197	PM. Speed Dating in Memphis | Singles Events.
198	Needs a rebuild. Hard to find. $100 USD
199	Starring Cast Rajesh Hamal, Sanchita Luitel, Dilip Rayamajhi
200	Barbara Brown Taylor is the Butman Professor of Religion at
201	Expressing yourself by sharing photos on Instagram is a buzz
202	Did you know that reviews are very beneficial? A
203	The court system in Sheridan, Arkansas is a government
204	2 story vinyl home in need of TLC, but
205	eCallChina is a reliable and responsible phone card vendor.
206	Principal Neheli earned a Bachelor of Arts Degree with a
207	Rent the Centre. Celebrations, Parties or just for
208	"Dayton WordCamp | The Jamestown Comet.
Some people are"
209	THE STORY: Bob was born in Fort Cobb,
210	HOW did they sneak this through?? I thought
211	I have recorded quite a few CDs. I recommend
212	Silver Sword Necklace Pendant and Bronze and Silver Shield Earrings
213	Hi all, is this for a subscription to be
214	The Linux kernel now includes everything that is needed to
215	o beFresh from its unveiling at the Paris Show,
216	ceiling fan diagram wire ceiling fan no switch diagram ceiling
217	1. Changed by pressure so as to be no
218	With Mount Rainier only 25 miles to the southeast,
219	Mississippi State won the Southeastern Conference regular-season title one year
220	WBS: why is it important & why it is
221	Work 1: “Sunspot”, Sun and Reflection project in
222	Traveling through Virginia to visit a close friend and family
223	The OTR 1840 is a CWDM Fiber Optic to SDI
224	T he popular YouTuber Lilly Singh who is more prominent
225	"Geweldige plek in een geweldige locatie!
Are there any"
226	It is a beautiful home. A rose blooms in
227	Emergency situations at petrol filling stations are not so uncommon
228	Join us for crafts, egg hunt, music,
229	"Pensive CD - Deirdre Faith - Wishlist.
I love"
230	Sometimes when I’m out at a bar I’ll order a
231	PH21 Gallery as a new contemporary photography exhibition space was
232	"Enjoy your family. Enjoy your friends.
Make lots"
233	I found that more often than not, I wanted
234	​From left (back row) - Joshua Jones (captain) ,
235	Many schools, nurseries and public play-areas in Ackton WF7
236	SCU Middletown makes it easy for you to get a
237	Whether it's because I've experienced a natural disaster or because
238	Achetez la dernière collection de Gta avant qu' elle ne
239	” It may seem surreal, but as work continues
240	These houses available for you right here and no one
241	"Selling a property on Sunrise?
Viewing highly recommended of"
242	Science experiment: Try taking a deep breath through an
243	J Health Polit Policy Law (2003) 28 (5): 859-882
244	Sign up to Lineout to stay up to date with
245	The new level pack for Dummy Defense has been released
246	The Cabot is back. A North Shore treasure,
247	You are buying one beautiful piece of Manzanita driftwood averaging
248	The Western Shoshone call themselves Newe, “The People,”
249	Anyone who has done a quick search on what to
250	Donate to Stanmore Public School's Building Fund before June 30
251	The latest in Jazz North East’s series of Schmazz gigs
252	injury We use a combination of techniques for the treatment
253	56 amazing Lollipop Pictures images in these Lollipop Pictures group
254	The distance from Thabeng to Sonop is 84 kilometers by
255	The worlds of ancient finance and cryptocurrency have continually been
256	Located near I-90 and just off Route 62, Niagara
257	Amber Lilyestrom, an amazing branding and business strategist,
258	It was time to pack up camp and head north
259	As her favourite colour is purple I knew I had
260	"The debate ""Republican memo was fake news garbage"" was started"
261	High quality Initial,and Buyer Supreme is our guideline to
262	RE/DONE 1960s Slim Tee in Vintage White. The RE/DONE
263	SRID is a tedious and time consuming assay to perform
264	If data can be HACKED or STOLEN, STOP using
265	Brink’s U.S., a division of Brink’s,
266	Yesterday Andrew accompanied me to St Vincent’s nuclear Medicine department
267	Image Title: Pottery Barn Counter Stools In Decker Leather
268	Mercedes has lifted the veil and presented the new X-Class
269	Our Learn Forward approach asks and invites children to master
270	The Gubernatorial Candidate of the All Progressives Congress (APC) in
271	My idea is more of creating an endless loop.
272	Meet the fighters post event to see who take homes
273	Well handled finances ensures both parties are satisfied with the
274	← Mechanics of Creation 3: Super-Sizer Poses Post!
275	Our checking is different than bank checking. It’s better
276	The weather outside doesn't always call for a jacket,
277	The AVM4108C Widescreen HD Display is a product you’ll want
278	Class A Burn Prop - Stove Simulator With Overhead Burn
279	Troy King Back in the Game With Big Money From
280	A phase II pilot study to evaluate use of intravenous
281	At PACT, we provide valuable assessment information specifically designed
282	For the month of April only: Receive Dermapen 4
283	This is what makes us the best choice for your
284	Mechanics in Splatoon which appear primarily in the singleplayer campaigns
285	Comment : Comments Off on Squirrel removal Westport Ct
286	Need to make a doctor appointment for Tetralogy of Fallot
287	PCL Alverno November 2017 Test Bulletin - Important UHC information
288	"""How beautiful are these rings?
I’m soooo in love"
289	Pancakes are usually believed to be one of the best
290	African/Lake Malawi cichlids have very specialised feeding habits that have
291	"Is an election recount a good idea?
The Green"
292	We all know that labeling is deceptive and you have
293	Last Word on Sports is proud to present their hockey
294	Honesty time. I have some hoarding tendencies in regards
295	system requires only 12 seconds to open or close.
296	The location of the July 15, 2002 flare is
297	Whether your dental needs are a complete exam and cleaning
298	Ouanga Bay used to be the spot for spending relaxing
299	Not feeling well today, so back in bed at
300	The New York Times offers quite a bit of video
301	SEF Canada is working with artisanal miners in Ecuador to
302	Starting XI Prediction: Solskjaer to keep 4-3-3 formation with
303	At “AT DESIGN GROUP” your privacy is our priority.
304	At MaxDumpster, we strive to bring you the best
305	When people ask me what my favorite horror film is
306	Movability for associations is zero longer a solution; it’s
307	Hey there! I'm Antonio and id love to find
308	An inventory advertisement allows a continuous intake of applications,
309	On the island of Lesvos, just 3.5 kilometers
310	Having recognized some of our childhood experiences and mistaken conclusions
311	UChicago chose a Class Day speaker in line with its
312	"Was there recriticality at Fukushima Dai-ichi Nuclear Plant?
Criticality"
313	A former supporter of President Muhammadu Buhari, Isa Mohammed
314	Worldpay was owned by Royal Bank of Scotland. Bain
315	Ether Capital is a Multi-cryptocurrency Private Portfolio launched the 3rd
316	In this powerful 2 hour workshop participants will take the
317	The Cotton Bags, offered by us, are made
318	Colette has extensive experience in the beauty industry and her
319	Robinson Metal, Inc., will be recognized for
320	Are you thinking about using online assignment help platforms?
321	I have already posted about some new lipstick launches but
322	That must be frustrating , just when you are
323	It's Quick. It's Easy. It's Free! Are
324	Information Security Risk Awareness Programs in K-12: Is This
325	The sign has arrived and I couldn’t be more thrilled
326	Tech enthusiast. Graphic designer. Aspiring polymath. Operator
327	"Gelligaer: Gelligaer Urban District Council, 1959.
ISBN"
328	Boynton Beach Map Boynton Beach Florida Map is just one
329	Christmas Around The World Poem. This amazing picture selections
330	Swindon based live music promoters and band management specialists,
331	Stefano Guzetti is a composer, producer and sound designer
332	The Graduate Law degree is a graduate entry course in
333	Applications for the 2019 Fellowship are now closed. Applications
334	I met with Secretary of the Air Force Heather Wilson
335	"This makes an excellent wedding Gift!
1 Oblong Casserole"
336	"RSS Feed for keyword: ""Orca Whales""
Orca whale watching"
337	Becoming a professional coach is one of the most rewarding
338	Residential buildings account for a significant amount of the national
339	If you are interested in the new Ram 1500,
340	Renton, Wash. - The NFL has announced the
341	"Sorry… No latest news for Aladdin.
Seen Aladdin on"
342	Over last weekend while I was reading the newspaper,
343	On of the key elements for most cloud solutions and
344	Last summer I took a cross-country road trip with a
345	The fruit coasters are ornament and very colorful. They
346	"Does your child(ren) have special dietary requirements?
Does your"
347	Many materials are available in both English and Spanish.
348	If you would like to reach us via email,
349	Mondal, K.C.; Kostakis, G.E
350	We warmly welcome you to the Department of Languages and
351	Copies Source file to Dest file, preserving modification date
352	Want to give something different to a friend or your
353	Subspace Reviews: Original Spider-Man and The Incredible Hulk giveaway
354	We're a web design, web development and creative agency
355	How do you pronounce fashionables in English? Pronunciation of
356	Mark Frigon is a senior product manager with IBM’s Enterprise
357	Each month, employee family members are selected as e3
358	Enjoy all day energy without the crash of stimulants.
359	Police Brutality - ACTS Law Firm in California | Abir
360	Do your knowledge workers need a shared call queue?
361	Marcelito Pomoy recently appeared at “The Ellen DeGeneres Show.”
362	Project Myanmar - Our first step was just completed.
363	Sugar And Our Kids: Are We Doing Enough?
364	The full fixture list for the next few days in
365	during our conversation it became apparent Jerome has developed a
366	My practice is built on my respect for human resiliency
367	It is the largest tourist attraction in the region,
368	1,010,000 (2000). 600,000 monolinguals. Total
369	Russia's biggest operator reckons RCS technology gives it a weapon
370	"Time Team Play ARMY Win Prob.
It's over,"
371	A past newsletter featured the amazing transformation of the Picton
372	Somnath Temple is one of the twelve jyotirlinga in India
373	I think this is one of the most interesting pieces
374	"Nov 15, 2018 in ""Guardians of the Galaxy""
Disney"
375	Low profile acoustic cabinet fans, manufactured from galvanised sheet
376	Deakin University Melbourne Australia has recognised Institute of Certified Management
377	A simple framework for developing a concept beneficiation flow sheet
378	A good franchise lead questionnaire is going to produce quality
379	Summary: An introduction to historiography and the theory of
380	Each year, there are more than 100,000 cases
381	A new update of Microsoft Office 2016 (Build 7369.2017)
382	Delete or alter any copyright, trademark or other proprietary
383	"Custom Ribbon | Ribbon And Bows Oh My!
Welcome"
384	I was brimming with excitement all of Thursday. I
385	As part of Living in Thailand, the Rice Field
386	There are few moments in life this fast paced,
387	Have you hired Star Drywall Ltd? Write a review
388	We have a fantastic new senior business development opportunity with
389	This very well presented Pool View apartment is located in
390	I’ve never understood the whole points thing, scholarships,
391	A deposit will hold the animal of your choice.
392	According to many studies, it is revealed that the
393	Tripp Lite's NetController 8-port USB/PS2 KVM Switch is an affordable
394	The trial will be run by biotech company Bioquark,
395	Our last competition for the Summertime Reading Competition is the
396	Breathtaking 24th Floor Direct Ocean Front Corner. 2,020
397	Come rain or shine, it seems everyone relishes our
398	Apple has announced a host of services from Apple TV+
399	Creative Directors are the driving force that keeps the creative
400	Esther and Kenso fell in love with , and
401	If Raheem Hassan had been a non-Muslim who threatened to
402	Wednesday, December 19, 2018 — Anaheim, California
403	Last week, Madonna’s MDNA tour played three dates in
404	Seane Corn and Colleen Saidman Yee explore how yoga gives
405	I figured if I could do it at all,
406	Introduction Letter For Resume Sample Of Cover Letter For Fresh
407	Larry checks in with KPCC reporter Sharon McNary, who’s
408	+ * Make things happen when buttons are pressed and
409	Benchmark Transmission & Auto Care is a full-service automotive transmission
410	Lock in a great price for Lesní pension – rated
411	Share your tips and tricks and anything you feel important
412	Lancashire agency Workhouse Marketing has appointed former account director Mark
413	"Continue reading ""The Daily 3: What Makes Me Happy"""
414	The most excelling grading skills are seen in the students
415	We need your support to help premature and sick babies
416	The tripTrack Tax Logbook system is an easy-to-use, inexpensive
417	"The ""Cuca"" shirt from Portuguese Flannel is a tropical Hawaiian-style"
418	© 2019 Thurlow Church of England (VC) Primary School.
419	A mattress for side sleepers? What about a mattress
420	Expressing grief over the tragic incident at Kuligad Dhrabhshala in
421	Sq. Ft. Above Ground. 2,218 Sq
422	"An autobiography of Fran Drescher.
Great surprise today with"
423	GAME of Thrones is all about eminent homes during crusade
424	According to Variety, one of the movies about the
425	In the second book of the Harry Potter Series,
426	The city of Augusta is located in Georgia near the
427	Sometimes it is the things you see every day which
428	North Central Service Train No. 115 collided with the
429	In China, the prevalence of tooth decay among 12-year-olds
430	Thanks to @Citi Foundation #ProgressMakers, Lesbia makes her career
431	A small selection of photos from games at Tech Brigade
432	Classics never go out of style, and neither will
433	Northwest Alaska Back Country Outfitters offers discerning Fly fisherman the
434	We do most of the work here in our own
435	"Home »featured»Who are we… REALLY?
A Psalm of Identity"
436	This item is fully hand embroidered with shiny silky threads
437	"Hair updo styles. Pictures of updo hairstyles.
Are"
438	Caused by pituitary adenomas, ischemic necrosis, pituitary surgery
439	MARIKINA CITY – The Marikina City council is celebrating the
440	Check out the Italian Pasta Salad calories and how many
441	Replies: 2 (Who?), Viewed: 4642 times
442	Read the full report and discover why PTC’s PLM is
443	Open to adults & teens. Registration requested. Meet
444	We are a German company, offering products like crude
445	Beef Livestock record sheet, other forms needed, and
446	Our #CarerConversations toolkit is now available to help you get
447	This section provides a tutorial example on how to call
448	He’s a funny little thing from Amanda Palmer. Be
449	It's safe to say that the past two weeks have
450	Dig and Rig Equipment Dedicated to the HDD industry and
451	Are you thinking of organizing a special day with your
452	After a night raiding two instances, killing Chimaeron and
453	The madness of the 2012 NBA Draft, from Dion
454	The Institute of Preventive Medicine Environmental and Occupational Health -
455	I was watching TV with Devin the other day and
456	osk@rbiddl3 lovely. Im very happy I stumbled over this
457	Hot Mess to Mindful Mom is a new book written
458	The Telemetry Distribution Board is a very useful addition when
459	Create a solid foundation for your outfit with the Building
460	Every quarter we will be publishing the winning and highly
461	The Duplicates by VIN report shows invoices that have both
462	filmed, videoed and photographed thousands of times by professionals
463	Copyrighted works of writing, art, or music.
464	Consider using a buying agent. Estate agents always act
465	Last night I did something that you guys have been
466	Show of hands for everyone that's been confused by the
467	Please Take a few minutes and contact us by filling
468	Cesspool and sewer problems are dreaded by homeowners everywhere,
469	After a hot hot hot spruce bath and some linden/elderflower
470	This is the naamyaa directory listing for Barclays in Skelmanthorpe
471	Here you will find solutions for all your mobile power
472	According to the study targeted on a group of 38
473	There is a huge potential for energy saving in the
474	Health authorities in New Zealand said that about 200 passengers
475	What’s wrong with this sentence? It’s active, complete
476	Light machining capabilities? You bet. Northern Metal Products’
477	, we all picks the best choices together with
478	The brand identity of an airline carrier is critical to
479	God didn’t set us up for an angry rejection but
480	We have plenty of experience in moving services. We
481	Here’s what I found over the past week that I
482	C. S. Lewis Signed Contract with J.
483	Prospective tiny home buyers in Bullhead have options as to
484	With Exchange Server 2013, there are certain scenarios wherein
485	Blac Chyna and Rob Kardashian will certainly have their hands
486	The anti-alcohol folks are pushing for stronger and mandatory warnings
487	Calisthenics based functional fitness studio, MultiFit offers strength based
488	The Loudmouth Jeans. These mid rise, loose fit
489	In 1972, snow storm covered the Andes Mountains,
490	NACD was established over 70 years ago in 1946 by
491	There are so many ways to work on handwriting without
492	No down payment auto insurance in HI. Cheap Auto
493	The Canadian Chamber of Commerce in Korea (CanCham Korea) hosted
494	As of March 12, 2018, we will no
495	"I found an interesting article here.
The article itself"
496	3rd March 2015 - A new UN report on the
497	"Why Many Businesses Choose to Incorporate in Nevada.
Nevada"
498	Bitcoin is a currency, used to exchange goods and
499	Top Knobs Aspen Twig 6 Inch CC Cabinet Pull -
500	Reflective Energy Solutions is an independent energy consulting firm that
501	It is our privilege to announce that Jillian Williams is
502	Martin Lewis & Steven Jurnovoy are here to help.
503	Seasick Steve, Example & DJ Wire, Maverick Sabre
504	Occassionally when I get some free time, I'll do
505	Simple collegiate-style lettering is printed on a 3/4 sleeve shirt
506	item #PCextensionCordNo1. New. No box. Condition 10
507	Everyone likes to be liked. This is a simple
508	“So, did the cleaning lady come?” I asked
509	Ladyada speaking at Women 2.0 – @women2 #w2pitch MAKER
510	WATERLOO, Iowa – The VGM Group has pulled together
511	Our consultation on draft standards and service specifications closed on
512	An example method involves providing, with a network management
513	For the man of Truth, seeking experience of the
514	Christian Tamburr performed with his trio and as musical director
515	Wind River opens in theaters August 4, 2017,
516	BEST SHINING MOMENT: Doggedly making his way through the
517	Attorneys at Hyatt McIntire and Associates* specialize in estate planning
518	With the emergence of smartwatches, consumers can answer calls
519	Is it even possible to make homemade Mac-n-Cheese even better
520	To determine your torso length, measure the distance between
521	With internet acquiring the opportunity to achieve corners all over
522	So, you suffer from Hay Fever or Allergic Rhinitis
523	At 72 years old, Robert Palov described himself as
524	To what level have Canadian adults studied? How much
525	My writing routine begins with a walk outdoors. Not
526	Lurchers & Longdogs is the title of one of my
527	Now on YouTube for you to watch over and over
528	Every sport brings its own requirements for eyewear, including
529	What’s the difference? Great question. There’s probably an
530	In case you don't check NPR on a regular basis
531	Dinners for Six is an awesome opportunity to connect with
532	Blush pink and ivory roses make a romantic wedding boutonniere
533	Notaries in Bridgeton, MO are listed below. Use
534	Apple Swift application development services to optimize business performance and
535	Politico, which broke the PR story, reports,
536	Here you are able to download free fonts beginning with
537	Handmade exclusively for Mii amo Spa by Baronessa Cali.
538	Car Wall Clock Unique Westclox Retro 1950 Kitchen Wall Clock
539	Entering the 12th floor of the Hangzhou National Animation Industry
540	Arameh Zargham O’Boyle, of Mintz Levin, is the
541	"(Remember) when the angels said: ""O Mary, God"
542	An ultra luxurious resort-style compound located in Los Angeles’ Bel
543	"""At this point, we're more concerned about the risk"
544	"> god-mode in the new buffer.
`setq-default' to set"
545	You have found your Bremerton WA Tile Roofing Maintenance Contractor
546	Newly fully remodeled farm house themed home has charm and
547	Be a part of the Robertson valley’s biggest adrenalin rush
548	William: Hello, I'm William Kremer and this is
549	If you’re like me, Math is something, unless
550	US President Donald Trump took to Twitter Monday morning to
551	Property giant Hammerson - one of three partners behind Birmingham's
552	Telecoms Supermarket UK (TSUK) compares and offers best valued broadband
553	Homer is back and is crazier than ever. He
554	joel mayward: Feeling stressed, but looking good!
555	Vans is hoping to prove its credentials as the skateboarder
556	F1600 Formula F Championship Series alum Aaron Telitz claimed two
557	​We use a professional quality dual diesel/gasoline engine system that
558	Hi! Sign in to let us know how R
559	Model Home open daily 10am-4pm. Lot size 12,000
560	This past summer a pregnant woman was punched in the
561	You made it this far you speed devil, you
562	DAYTON OH (Dec. 31, 2013) -- A season
563	"Non-commercial and community projects assistance.
THERE ARE MANY AREAS"
564	MAMADOU SAKHO remains unavailable for selection for Liverpool's Europa League
565	This is the tenth maintenance release of the 1.4
566	Classic is a term that gets thrown around too much
567	Unique Essay: Apa format psychology paper example professional writers
568	"Question Booklet consisting of 4 (four) questions.
Each question"
569	This is a blog, and its got an RSS
570	The ATO is reviewing its guidance material on ATO ID
571	In the afternoon I attended the memorial service for a
572	The question arises, of course, “Who are or
573	19/06/2014 · Today the average American’s health insurance payments fluctuate
574	This homemade Scotch Beef Pot Noodle is a meal-in-a-jar!
575	The physician assistant (PAs) field has been named one of
576	Although the official language of Jamaica is Standard English,
577	Emeritas Kerr and his Tocs Borderers patrol are ambushed by
578	Everybody like to bowl right!!! See the
579	Roofing repair and roof leak detection is an art that
580	HeyWhatEver is an ALL Positives INFORMATION Network SUPERPORTAL that PROMOTES
581	What is a Termite Bond? What are Bonds Good
582	Introducing the Multi-Language feature of the new iScripts eSwap barter
583	For a varied selection of carefully selected original arts and
584	Create a free MyCatalogues.com account using the form below
585	"Jessie J is coming to ""Bang Bang"" collaborator Ariana Grande's"
586	The armchair officials will have to find something else to
587	GPs who want to return to practice in Wales can
588	By connecting Favro to your Microsoft or Google Calendar,
589	The perfect 3 step strategy that turns losing FB campaigns
590	IHS Markit INFO, -0.02% a world leader in
591	Nothing gay found in this area tagged with Hoegaarden,
592	Hours after a lower court here sentenced him to five
593	Rope Access is a much more cost effective technique than
594	HOUGHTON — Whether you’re a survivor, family member,
595	Back in 1994. Samsung’s cell-phone quality was so hapless
596	This is a great online color tester and designer.
597	"I need to have several ""individual"" emails written. I"
598	We are dedicated to ensuring you are delighted with your
599	If you're a leaseholder of a property from us,
600	“Even our most seasoned advocates were surprised at the number
601	We’ve all heard the beeping sound large trucks make when
602	"Creating Leaders - NFI North, Inc.
Each year"
603	Headed over to the O.co Coliseum for the Oakland
604	** We'll never share your email address and you can
605	This fall, Sue O’Malley brought her passion for healthy
606	On a proper construction of an agreement, which required
607	March 30, 2016 - The International Society of Automation
608	The lives of people have definitely changed with the help
609	In 2004, the High-Flyers Awards was launched to recognise
610	Steren Speaker Cable Canada – Excellent Performance and Sound Quality
611	3 Wives, in the same way submit yourselves to
612	The results of the NOMAD crowd-sourced data analytics competition with
613	Beautiful penthouse in Elviria Hills for sale. Elviria Hills
614	The Chapel was completed in 1874 under Mother Xavier Maguire's
615	"""X has a bone to pick with Arcadia's political kingmaker"
616	"The return of Morning Style!
Many of you have"
617	Linda McCluskey’s scrapbook of memories is forged from oil paint
618	Chances are if you’ve been affected by cybercrime in the
619	“When I received my diagnoses of thyroid cancer I went
620	We're Brunswick Cushion Company from Brunswick, Maine and we
621	This specification covers the requirements for hose and hose assemblies
622	There has been a two vehicle crash on the A158
623	Void Destroyer 2 Free Download Full Version RG Mechanics Repack
624	How long does it take the flu to evade a
625	"View Full Information → Sydney, Stanley H.
Dianne"
626	well it was big fat electric, for sure.
627	No salutation DET. DR. MISS MR. MRS
628	Almost every business is driven by technology and companies need
629	John Cohen will be the producer of Rovios self financed
630	Jeremy Stoller (Resident Dramaturg at the Jewish Plays Project) is
631	Veronica is all what you want in a pug!
632	With EDEM eliquid you may find your heaven on earth
633	Instagram decided on the change after a public outcry following
634	"""The central issue in this debate is the belief in"
635	UGLYS Electric Motors and Controls Book FREE SHIP !
636	Amusing Fixtures Chrome Ideas Wall 8 Light Bathroom Fixture Lights
637	Let ICIWorld do the advertising, marketing and networking locally
638	Date: June 22, 2016, 3:46 p
639	"Water Media Paper - 5x7"" 11x17""
Color Burst - Pthalo"
640	VR Transpoint is an experienced, diversified and skilled logistics
641	Kick start your Kashmir holiday tour with arrival at Srinagar
642	3CX has a Wallboard showing data from one or several
643	Comments: Priced below KBB Fair Purchase Price! SHULTS
644	At Digital Republik, we're looking for interns who love
645	© 2017 Barracuda Boat & RV Storage. All Rights
646	Hi my name is Dan Shipper I’m a sophomore at
647	As much as teachers do all that they can to
648	Fairbanks author and wilderness guide Michael Engelhardt will sign copies
649	"this 15 and 1/2"" ling necklace is a Y shaped"
650	Eastern Lightning (东方闪电) or the Church of Almighty God is
651	MK Moshe Feiglin in a Knesset committee meeting, next
652	This single level home in a quiet court delivers an
653	There’s an app for everything under the sun, and
654	If you are going to be at ISTE in Denver
655	currently, the projectdesigner calendar also sets task times (for
656	In the bay off Reykjavik, Iceland, commercial whaling
657	Why is it important to learn horsemanship besides learning to
658	Over the past five years, I’ve analyzed data on
659	A new, segmented, negative-strand RNA virus with morphological
660	MY WORK/JOB CONSISTS OF: As Administrator, I run
661	Location privacy took a hit in California yesterday when Governor
662	Pill box Olimp Sport Nutrition - container for capsules /
663	Don't worry: The Italians designed the thing to look
664	I competed in my first ever triathlon yesterday, which
665	Clawson and Staubes provides representation to both plaintiffs and defendants
666	Salient CRGT provides federal civilian, defense, homeland,
667	Have you already bought kitchen and bathroom splashbacks? If
668	"Indonesia - Eko Nugroho and ""Wayang Bocor""
Eko Nurgoho is"
669	The safety and security of commercial office buildings has been
670	Plasmatic Biomatter Blast Rifles are ranged ground weapons. They
671	"Saturday 4 May, Bucklands Beach Bowling club.
Tuesday"
672	If the summation of data production rate T(t) and amount
673	Beskara 5000 with LA-5000 300 watts (150 watts x 2
674	Many complex interdisciplinary problems involve deficiencies or discrepancies in the
675	You rely heavily on your heating and air conditioning system
676	Paula Anderson was certified as a Master Clinical Hypnotherapist in
677	Safely secure your dog in the car with the Click
678	I have been using opinio for elections for five years
679	I'm sure I'll have more to add to this soon
680	Cummins C80 D6, 80kW Diesel Generator, 277/480V 3-Phase
681	WASHINGTON (August 2, 2011) — President Barack Obama on
682	McCormick Care Group’s strategic plan for 2016 to 2019 reaffirms
683	This Flash tutorial is the perfect starting point for anyone
684	Many students have never been to a museum before.
685	Page 83 - Gallery Design of Interior | Tissustartares.com
686	Today's crossword puzzle clue is a cryptic one: Type
687	Mason Jar Taco Salads are easy to make and make
688	Venture and Innovation Awards (VIAs) support transformational and innovative research
689	You can get EZ-Builder Robot Control Software and try this
690	“Frankie Peak” (far right; 2375m) and “Larry Mountain” (right
691	It sounds nice doesn't it? I read it in
692	Investing in windows is never a waste of money.
693	There are 16 top-rated holiday decorating services in your area
694	No Breakthrough In Tirupati Theft Case | Sri Govinda Raja
695	By The Abyssinian | On May 13, 2015 |
696	You will then be contacted by a Customer Service representative
697	What’s the news? A couple of weeks ago,
698	Seoul is one of the global cities. It is
699	Many favour Marangu route because it is the cheapest route
700	"> > rather than distinct language constructs.
> No"
701	Program in Teaching French as a Foreign Language was established
702	Natasha Hutchison, originally from the United States, relocated
703	If you are looking for one of the best high
704	Leading 2017 Isle of Man TT newcomer Adam McLean will
705	The eagerly anticipated Out NYC Urban Resort opened its doors
706	"Caliopefertilizer, Chemicals - Industrial/Commercial, listed under ""Chemicals -"
707	President Donald Trump returned to Washington, DC on Monday
708	Branch Metrics (branchmetrics.io) optimizes conversions and tracks installs for
709	Cosmetic surgery has become increasingly popular in the UK over
710	Bosch Security Systems was chosen as the central supplier for
711	KSHMR just premiered his exclusive collaboration with Tigerlily on Billboard
712	If you are looking for CHEVROLET AVALANCHE Valve Spring or
713	Find Costume Contest Meme Halloween shopping results from Amazon &
714	"Why Buy With Faith Quintana?
My website has the"
715	If you want to have a unique experience hiking in
716	Time-saving detangling conditioner to nourish and replenish any moisture that
717	Who doesn’t love a gentle, laid back family dog
718	FULL-SCREEN MODEMODE: Click PLAY, then pass your mouse
719	Thanks to USDA Rural Development’s Rural Utilities Service funding and
720	SYC vice president Galen Green has previously served as co-chair
721	>> I was looking for “seeing Hydra in action”.
722	So you might ask yourself, “What is going on
723	Georgetown — Sally Long, a long-time resident of the
724	Want to make whole wheat bread yourself? Just follow
725	Decreasing biodiversity in an ecosystem can increase the spread of
726	CTI allows a computer to interact with the telephone,
727	Posted by: ashleyn002@gmail.com, on 1/26/2017, in
728	IT HAS BEEN USE VERY LITTLE IN IQC DEPT.
729	chemical compound, H2SO4, colorless, odorless, extremely
730	Is Google Chrome the recommended web browser for using uiuLearn
731	This class includes 10 hours of instruction: three weeknight
732	PLAC ZONE ENTRIES: Click here for the final entries
733	The most economical Insulated female & male terminal available.
734	Thank god Congress just passed that bill that made Fridays
735	Once in a while here at MBJD Laser we get
736	"Middle east and Iraq news from independent producer.
Middle"
737	PDF Kingdom Hearts HD 1.5 ReMIX Guide .
738	In 1980, Deng Xiaoping started China’s first special-economic zone
739	"October 13, 2015 Lehigh Valley, Pa.
Air"
740	"How much does an ISES individual membership cost?
Annual"
741	Searching homes for sale in Charlotte County, FL has
742	J & M Costa Enterprises are a family business who
743	ST. JOHNS COUNTY, Fla. - Commissioners in
744	It’s been an exciting opening day at Scoop AW19.
745	Pads allow you to transition nicely from floor to pole
746	Details: Siren and soulmate to the King of Night
747	Explore the High Country & Follow the Shotover to pristine
748	New West Ham United striker Lucas Perez undoubtedly took the
749	We understand that medical emergencies do occur outside of normal
750	Below is a sample of the growing body of books
751	"I am guilty of being a nail extremist.
If"
752	Folio [29.0 x 20.1 cm], 4 books
753	The thrill is gone, or at least that is
754	A Bullseye View “Perspectives” is a forum for Target’s top
755	Dr. Stoner’s, a local hand crafted Whiskey &
756	Can someone tell me what the distance between the feet
757	The data section of the JMP website includes interactive data
758	Chicken wings are all-American and teriyaki is an all-Japanese method
759	Royal Dutch Shell Plc and Equinor ASA said they’re committed
760	The latest copy of the student magazine Critic caused a
761	At Cosmetic Dentists of Houston, our dental crowns and
762	Fit Green Protein is a 100% plant-based protein powder made
763	It’s November! The time when business owners’ thoughts turn
764	Diana Henry's Chocolate & Extra Virgin Olive Oil Cake Recipe
765	If you've been around traditional/paleo/real foodies for any length of
766	If you enjoy hiking and spending days out in nature
767	Nitrosamine free! Keep baby's teeth and gums clean and
768	"Where is the mail stored in the filesystem?
I"
769	Come test your luck on the best slot machine app
770	Are you planning on a trip by road? But
771	4 Bedroom Luxury Villa on the Montgó, with sea
772	Want to get the current Womens Fashion discounts and bargains
773	Select a trusted local experienced plumbing professional when you feel
774	It Takes Teams to Tango (TM) is a totally unique
775	Perhaps we should rename this page to the Great Nacho
776	September’s Free Book of the Month is here. Get
777	This is a placeholder page for Donald Sawyer, which
778	"(PASS) Sen Appropriations 7 4 0 Do pass.
(PASS)"
779	You see them every day, but chances are you
780	There's no better way to honor a bride-to-be than with
781	The Gola Active Lupus is a lightweight infants’ trainer that
782	It seems that there’s only one thing on people’s minds
783	Become Haimrik, a young scribe trying to make a
784	The change made by the DPC to NORMAM05/DPC Annex 4-A
785	Often confused with the Stiff Leg Deadlift or Straight Leg
786	A federal law that passed in 2008 was supposed to
787	CEOs and CFOs of private or closely held businesses engage
788	Grus Construction Personnel is your best source for North Carolina
789	I’m making a mobile game, any support would be
790	Customised shoe boxes are a popular way to add an
791	JD.com said it will invest 10 billion yuan in
792	Pentru propuneri/colaborari/ proiecte imi puteti scrie pe adresa: adina
793	Hand of Hope’s short-term medical and dental outreaches began with
794	View alumni that have participated in Mendota High School Basketball
795	Every hero or heroine needs a quest, otherwise they're
796	Have you ever been there? It also clarifies that
797	Happy Friday everyone! I hope that you've all been
798	A fairly cold last half of January meant that I
799	Can You Have A Heart Attack With A Pacemaker?
800	ATS PageSpeed is an open-source PageSpeed optimization plugin for the
801	Do not compromise on style or comfort as the Eden
802	I've been intending to get out there and paint what
803	Whether you choose a fully bespoke pair of shoes,
804	Wild space Adventures were recently received support from the European
805	Offering you a complete choice of products which include borewell
806	We here in The Feed Zone Cookbook Test Kitchen are
807	Rooms are available from 17.00 PM day of arrival
808	Weldtite Dot brake fluid is a premium DOT formulation offering
809	I believe that focusing on your health and mental health
810	The Decorating Center in Olean, NY has been providing
811	YOUTH OPPORTUNITIES--SANTA CRUZ was incorporated on 8/30/1995. This company
812	On 19th and 20th of September 2018, a mini-concert
813	At the start of the year we began using their
814	Herbert Wise was a director best known for his work
815	Philipp Plein's collection exudes hard-edged decadence with an intricate focus
816	The soil beneath your feet is your most precious resource
817	If nicknames were rooted in a very player’s romance along
818	Tax, title, license and dealer fees (unless itemized
819	Each writer is entitled to their ain positions and how
820	I love crafting and creating communities! I love the
821	Finance Asia has a report on Asian tidal / ocean
822	We all know that the TV shows nowadays are all
823	This was Reinsdorf's reply on Friday when asked whether the
824	"sailboat. : The sweetest home accessories!
You"
825	Every year the Denver Film Society is proud to honor
826	It all started 3 months back when two of us
827	The Washington Wizards practiced and watched plenty of film Friday
828	“Do you really think you’re perfect?” The preacher asked
829	Originally formed in Champaign, Illinois, REO Speedwagon is
830	Direct Tyre Service is an independent family run business that
831	Peter Cousins covers what we should know if we are
832	Lovely sampler. The model is stitched in Week Dye
833	Wages & salaries for Computer software engineers, applications in
834	current rating is 4 based on 6 www mathematical soccer
835	4k00:16Chiang Kai-Shek Memorial Hall in Taipei. Chiang Kai-shek
836	"Bowling balls at painted on wall wickets.
Kicking bottles"
837	Battlefield: Bad Company 2 $9.99 Fight from the
838	UN's Sustainable Development Goal 3, which promotes health and
839	CCAAT/enhancer binding protein α (CEBPa) is a transcription factor involved
840	We are actively seeking a Part-Time Licensed Psychologist (Ph.D
841	If you are a member, please register to gain
842	The OMAP-L138 family of MityDSP System on Modules (SOM) includes
843	Please choose a security question What is your birth place
844	"We are an authorized dealer for the UltiClip!
We"
845	Each time I made about five drawings and took them
846	So here are the rules to enter! Make sure
847	"Jewelry is elegantly gift boxed.
Included with an inspired"
848	41:33 And who is better in saying than he
849	What does it mean if my variable rate loan is
850	"Anyone who's ever seen Disney's 1991 animated classic ""Beauty and"
851	You can post for sale and for rent advertisements for
852	After nearly 10 months as Release Technical Leader (Sustaining) for
853	Robyn Hood Black makes poems and art in the balmy
854	Awesome product.... makes me feel more
855	GreenSpaces is an undertaking by the experienced management team of
856	High-speed, versatile six-axis EPX2800 robot is ideal for automotive
857	These Card Characters are a new range of LogoBugs that
858	Oracle ILOM CLI shell (default) – The Oracle ILOM shell
859	You can download Water avatar the last airben HD background
860	Correspondence between Rowntree and Co, the Board of Trade
861	"Township 10S, Range 26E, Section 31.
Agricultural"
862	"brings countless variation and joy into Man’s life.
–"
863	"Optimize well placement. Improve production.
Operating directly behind"
864	Just as good as I hoped they would be.
865	Paige hides Easter eggs around the garage for the geniuses
866	"Margot Shetterly spoke at FSU.
FAYETTEVILLE, NC (WTVD)"
867	If you do not have a Website, Open an
868	In our Poppy room you will find our youngest children
869	(HOST) As the season for summer blockbuster movies about super
870	"Read more ""KLM/Schipol v Kalitta Air gets nastier as JetBlue"
871	"So you want a college degree.
In the USA"
872	First, install the dependencies. This is for Ubuntu
873	We are halfway through utility and other construction on 1300
874	Helesti Daye-Fourie never leaves her house after dark. The
875	Here are several examples of my work in charcoal portraits
876	or click on the Photographer's link to obtain a full
877	"My little boy thinks this looks like ""Genie Hair,"""
878	A photo from the 1940’s showing all the members of
879	Renault workshop manual, M.R. 164, additive
880	Just took a “Trophy of a Lifetime” What’s Next?
881	We mention self-determination because it is an issue elsewhere that
882	Welcome to Forces Reunited the place where you can find
883	Why not, I am not only doing a repetitive
884	Cost-effective buffets and elegant formal dinners near Rocky Mountain National
885	The Chi. Lena Waithe’s critically acclaimed Showtime series returns
886	I still get excited with each set of these I
887	"This is the news you’re looking for.
Carrie Fisher"
888	Edith Grossman’s translations recreate Spanish literature for English-language readers.
889	A weight management supplement. A unique blend of vitamins
890	Drawing on a unique partnership of private enterprises and public
891	Vellamo is led by the performing and songwriting team of
892	I and my friend's family went hiking!! At
893	Lovely FRONT | Bed | Double Beds | INTERIORS Inc
894	Feather filled and attached to an intricately laser cut hand
895	scorpionstore.eu - Fakt ist | Brexit-Effekt: So füllen
896	Globalization has offered appreciable controversial impact. The idea is
897	ArtikPix is an app designed to help children improve their
898	The BMW 328 was the most successful sports car of
899	Do You Need a Master’s in Education Degree To Qualify
900	Attributes of ultrastability as an adaption mechanism in a hormone-modulated
901	Since January 1, 2004, all Canadian organizations engaged
902	Earned the Riding Steady (Level 8) badge! Earned the
903	Drones or UAVs (Unmanned Air Vehicles) have a great potential
904	We’re growing and need another person to join the team
905	Are you looking for affordable whole life insurance in Fort
906	Self-taught amateur photographer, interested in Analog Black &amp;
907	Stepping into a garden filled with beautiful flowers creates an
908	Colorado State University, Fort Collins, Colorado, U
909	The purpose of this role is to provide individualized support
910	Bob offers a quick and entertaining synopsis of the Vikings’
911	Where you’re from: I live in a place called
912	Delicate & Whimsical Accessories with a Touch of the Sea's
913	Meditation is one of the most powerful and meaningful practices
914	Here are a few major points that make SQLC a
915	It can be great belonging to a community organization -
916	Call our Victim Services help line at 509-684-6139 or 844-509-SAFE
917	I gave a talk on the Future of Relationships to
918	"Adoracion en español. Worship in Spanish.
Criss Chrissman"
919	Pics sent by Henry White. Click image left to
920	A friend and i are trying to share music between
921	Las Vegas DJs - These Professionals are available for Weddings
922	The Minister of Power, Works and Housing, Babatunde
923	Kamp Kiwanis is a summer camp that aims to be
924	Why is it Important to See a Dentist in Weatherford
925	Businesses: Strategy sessions while sailing, intervision, personal
926	"Happy New Year from houseidea.
Luxury house for man’s"
927	Savor the world-shaking flavor of a big and bold California
928	Ok, now. Ohhh... There's whole
929	Finding a high quality photographer for your family portrait,
930	Traffic Racer is about be constantly. Traffic Racer Apk
931	All prints come in both sizes, on cream card
932	Perhaps you make a good point there bizaro. My
933	Between Pride of the Clouds and Thunderclap Wyvern, I'd
934	This report is aimed to present the achievements obtained with
935	"Next message: Cohen and ""jazz""
This joke just came"
936	U14s Win Two Gold & Men’s Overall at CanAms!
937	An introduction to the history and design of Internet-based business
938	Oh.... and most important: a
939	numerous aunts, uncles and cousins. She attended Shanksville
940	A sports day will commence at the club grounds from
941	As I wrote in this post, I have found
942	WHAT: This 6 day, 5 night retreat includes
943	Today’s workplace is not the same as it has been
944	Growth Package, very unique kind of package in itself
945	Lake Wilson Preserve is a brand new sub-division of just
946	A free-standing, exterior, sculptural work for the Greenwood
947	So yesterday I had my first session of skin peeling
948	Career and Testing Services at the University of Mary looks
949	Just having a bit of good clean fun here at
950	Typically, home users have been subjected to very few
951	You know that conducting background checks is essential to ensuring
952	A number of books and articles investigated the relationship between
953	Make the most out of every season with the incomparable
954	Jacob Funk Kirkegaard is a senior advisor with International Capital
955	San Diego, CA – When last we saw the
956	"Writer and human rights advocate.
Jonathan Meddings is a"
957	Taras Filatov graduated from Kharkiv National University of Radioelectronics (KNURE)
958	You've noticed something that's at once obvious and subtle about
959	The 1 Series offers all that BMW stands for in
960	A top foreign policy adviser for Republican presidential candidate Mitt
961	A new EU Drivers Hours and Tachograph Law has just
962	I recently went on a trip with my youngest daughter
963	At our law firm, we strive to handle the
964	For more than thirty years Ken Duncan has travelled the
965	And He came to earth as God’s only Son.
966	The Port of Neapolis is located in Vatica Bay,
967	It's the food. And it's more than the food
968	Perfect World International has been running for eight years now
969	El Dorado Acres Homes: El Dorado's Best & West
970	Self Image – The idea one has of one’s abilities
971	President Trump broke his silence on Twitter on Sunday after
972	No, Trump can’t pardon himself. The Constitution tells
973	Unlike many of his peers, Crane is quick to
974	Acer Aspire 4741G Drivers Free Driver and Software update Acer
975	Vodafone 4G plans ,Offers and packs for Vodafone includes
976	The Engine Air Filter reduces harmful dirt particles from entering
977	Today I have a post for you on making lovely
978	Jimmy Choo’s fall ’17 men’s collection, shown today during
979	Why does your body grow healthy … or unhealthy cells
980	BC Ferries garnered $315.8 million in revenue according to
981	"Full Bloom Vintage Moroccan Rug 4'6"" x 7'4""
Bold,"
982	Daniel says “I am an artist who loves books.
983	"Exclusively on Fivesquid for only 5pounds!
I will create"
984	Enjoy our variety of meat cuts prepared with authentic Southern
985	It goes without saying that you want all of the
986	MANILA, Philippines — The state-run Land Bank of the
987	ointments for hemorrhoids » hemorrhoidal cream » piles surgery recovery
988	"Accessories for Breathalyzers alcohol breath testers.
You can obtain"
989	"This website is currently for US residents only.
We’re"
990	Which got me thinking about other things that have been
991	Xoc presents a tribute to Banjo Kazooie, Xoc 'N'
992	The real homes WordPress theme is a handcrafted WP theme
993	School Of Rock Tickets Access Information Broadway New York With
994	We had three t-shirt design submissions. You can click
995	We want to welcome you to the website that honors
996	PPGI Coil Color Coated Steel Coil, Color Coating Steel
997	Best 10 book shelf decorating ideas ideas on pinterest,
998	Chgo Latvian Ev Luth Zion Congregation can be found at
999	SBI Magnum Gilt Fund Direct-Dividend Quarterly Dividend is a Debt
